id,title,type,description,release_year,genres,production_countries,imdb_score,tmdb_score
ts300399,Five Came Back: The Reference Films,SHOW,"This collection includes 12 World War II-era propaganda films — many of which are graphic and offensive — discussed in the docuseries ""Five Came Back.""",1945,documentation,US,,
tm84618,Taxi Driver,MOVIE,A mentally unstable Vietnam War veteran works as a night-time taxi driver in New York City where the perceived decadence and sleaze feed his urge for violent action.,1976,"drama , crime",US,8.2,8.179
tm154986,Deliverance,MOVIE,"Intent on seeing the Cahulawassee River before it's turned into one huge lake, outdoor fanatic Lewis Medlock takes his friends on a river-rafting trip they'll never forget into the dangerous American back-country.",1972,"drama , action , thriller , european",US,7.7,7.3
tm127384,Monty Python and the Holy Grail,MOVIE,"King Arthur, accompanied by his squire, recruits his Knights of the Round Table, including Sir Bedevere the Wise, Sir Lancelot the Brave, Sir Robin the Not-Quite-So-Brave-As-Sir-Lancelot and Sir Galahad the Pure. On the way, Arthur battles the Black Knight who, despite having had all his limbs chopped off, insists he can still fight. They reach Camelot, but Arthur decides not  to enter, as ""it is a silly place"".",1975,"fantasy , action , comedy",GB,8.2,7.811
tm120801,The Dirty Dozen,MOVIE,"12 American military prisoners in World War II are ordered to infiltrate a well-guarded enemy château and kill the Nazi officers vacationing there. The soldiers, most of whom are facing death sentences for a variety of violent crimes, agree to the mission and the possible commuting of their sentences.",1967,"war , action","GB , US",7.7,7.6
ts22164,Monty Python's Flying Circus,SHOW,"A British sketch comedy series with the shows being composed of surreality, risqué or innuendo-laden humour, sight gags and observational sketches without punchlines.",1969,"comedy , european",GB,8.8,8.306
tm70993,Life of Brian,MOVIE,"Brian Cohen is an average young Jewish man, but through a series of ridiculous events, he gains a reputation as the Messiah. When he's not dodging his followers or being scolded by his shrill mother, the hapless Brian has to contend with the pompous Pontius Pilate and acronym-obsessed members of a separatist movement. Rife with Monty Python's signature absurdity, the tale finds Brian's life paralleling Biblical lore, albeit with many more laughs.",1979,comedy,GB,8,7.8
tm14873,Dirty Harry,MOVIE,"When a madman dubbed 'Scorpio' terrorizes San Francisco, hard-nosed cop, Harry Callahan – famous for his take-no-prisoners approach to law enforcement – is tasked with hunting down the psychopath. Harry eventually collars Scorpio in the process of rescuing a kidnap victim, only to see him walk on technicalities. Now, the maverick detective is determined to nail the maniac himself.",1971,"thriller , action , crime",US,7.7,7.5
tm119281,Bonnie and Clyde,MOVIE,"In the 1930s, bored waitress Bonnie Parker falls in love with an ex-con named Clyde Barrow and together they start a violent crime spree through the country, stealing cars and robbing banks.",1967,"crime , drama , action",US,7.7,7.5
tm98978,The Blue Lagoon,MOVIE,"Two small children and a ship's cook survive a shipwreck and find safety on an idyllic tropical island. Soon, however, the cook dies and the young boy and girl are left on their own. Days become years and Emmeline and Richard make a home for themselves surrounded by exotic creatures and nature's beauty. But will they ever see civilization again?",1980,"romance , action , drama",US,5.8,6.156
tm44204,The Guns of Navarone,MOVIE,"A team of allied saboteurs are assigned an impossible mission: infiltrate an impregnable Nazi-held island and destroy the two enormous long-range field guns that prevent the rescue of 2,000 trapped British soldiers.",1961,"action , drama , war","GB , US",7.5,7.3
tm67378,The Professionals,MOVIE,An arrogant Texas millionaire hires four adventurers to rescue his kidnapped wife from a notorious Mexican bandit.,1966,"western , action , european",US,7.3,7.1
tm69997,Richard Pryor: Live in Concert,MOVIE,"Richard Pryor delivers monologues on race, sex, family and his favorite target—himself, live at the Terrace Theatre in Long Beach, California.",1979,"comedy , documentation",US,8.1,7.5
tm16479,White Christmas,MOVIE,Two talented song-and-dance men team up after the war to become one of the hottest acts in show business. In time they befriend and become romantically involved with the beautiful Haynes sisters who comprise a sister act.,1954,"romance , comedy",US,7.5,7.2
tm135083,Cairo Station,MOVIE,"Qinawi, a physically challenged peddler who makes his living selling newspapers in the central Cairo train station, is obsessed by Hanuma, an attractive young woman who sells drinks. While she jokes with him about a possible relationship, she is actually in love with Abu Siri, a strong and respected porter at the station who is struggling to unionize his fellow workers to combat their boss' exploitative and abusive treatment.",1958,"drama , crime , comedy",EG,7.5,7.3
tm89386,Hitler: A Career,MOVIE,"A keen chronicle of the unlikely rise to power of Adolf Hitler (1889-1945) and a dissection of the Third Reich (1933-1945), but also an analysis of mass psychology and how the desperate crowd can be deceived and shepherded to the slaughterhouse.",1977,"history , documentation , european",DE,7.5,7.3
tm156453,FTA,MOVIE,"A documentary about a political troupe headed by actors Jane Fonda and Donald Sutherland which traveled to towns near military bases in the US in the early 1970s. The group put on shows called ""F.T.A."", which stood for ""F**k the Army"", and was aimed at convincing soldiers to voice their opposition to the Vietnam War, which was raging at the time. Various singers, actors and other entertainers performed antiwar songs and skits during the show.",1972,"war , documentation , music , comedy",US,6.2,6.1
tm14350,Alexandria… Why?,MOVIE,"Set against the panoramic backdrop of war-torn Egypt, director Youssef Chahine tells a highly personal tale of love and determination. Amid the poverty, death and suffering caused by World War II, 18 year-old Yehia, retreats into a private world of fantasy and longing. Obsessed with Hollywood, he dreams of one day studying filmmaking in America, but after falling in love and discovering the lies of European occupation, Yehia profoundly reevaluates his identity and allegiances.",1979,drama,EG,7.2,6
tm81728,The Land,MOVIE,"Set in 1933, the mayor informs the peasants that the share of irrigation of their land will be split equally between them and feudal lord Mahmoud Bey. The peasants send Muhammad Effendi to submit a petition to the government. Then Mahmoud Bey proposes a project that would require taking part of the peasants' lands.",1969,drama,EG,8.1,8.5
tm94651,Dostana,MOVIE,"Two close friends decide to enter law enforcement, one as a police officer, the other as a lawyer, but their friendship begins to unravel when they both fall in love with the same woman.",1980,"drama , comedy , crime , romance , action",IN,2.1,4.9
tm27298,Saladin the Victorious,MOVIE,"Saladin, the first sultan of Egypt and Syria, leads the Muslim military campaign against the invading Christians from Europe during the Third Crusade.",1963,"action , drama , war , history , romance",EG,7.6,7.1
tm100027,Alibaba Aur 40 Chor,MOVIE,"The movie is based on the story of Ali Baba and the Forty Thieves, from the One Thousand and One Nights or Arabian Tales. The role of Ali Baba is played by Dharmendra and Hema Malini play Morjina.",1979,"drama , romance , action , fantasy , family","SU , IN",6.2,6.8
tm19608,The Blazing Sun,MOVIE,"A rich landlord floods and destroys a village on purpose to prevent the people living there from making a profit off their crops. What he doesn't know is that his own daughter is in love with Ahmed, a young man from the village.",1954,"crime , romance , drama",EG,7.4,7
tm204541,Dark Waters,MOVIE,"Ragab, a poor sailor, returns home to Alexandria after three years of absence, during which he tried to save money to marry his one true love, Hamedah. But there's trouble on the harbor, and with an old friend.",1956,"action , drama , romance , thriller",EG,6.7,5.9
tm259855,We Are All for the Fatherland,MOVIE,"After the 1978 Israeli invasion of Lebanon, children try to sing the national anthem as citizens search for hope in the war-torn South.",1979,documentation,"LB , CA , FR",6.1,5.2
tm356209,Singapore,MOVIE,"When his employee disappears in Singapore, Shyam travels from India to investigate the absence and becomes entangled in a deadly plot.",1960,"drama , thriller , crime",IN,6.4,6.3
ts45948,Monty Python's Fliegender Zirkus,SHOW,"Monty Python's Fliegender Zirkus consisted of two 45-minute Monty Python German television comedy specials produced by WDR for West German television. The two episodes were first broadcast in January and December 1972 and were shot entirely on film and mostly on location in Bavaria, with the first episode recorded in German and the second recorded in English and then dubbed into German.",1972,comedy,[],8.1,7
tm200475,"Beirut, Oh Beirut",MOVIE,"In the aftermath of the 1967 defeat, four young Lebanese try to figure out their places in a society whose rules seem to have changed. It proved to be an extraordinary anticipation of the civil war that would engulf the country while the film was being edited.",1975,drama,LB,6.4,7.2
tm90896,The Return of the Prodigal Son,MOVIE,"In this Andre Gide adaptation, an activist is released after many years in prison and returns home, shaking up established relationships among his family members at the farm governed by his strict father. Demonstrating Chahine’s eclecticism, this is an elegant melodrama, exuberant musical, layered allegory, and profound portrait of personal and political disillusionment.",1976,"music , drama , crime","DZ , EG",7.2,5.3
tm336403,Khoon Khoon,MOVIE,"As a crazed killer blazes a trail of blood through an anxious city, a hardened cop aims to take him down by any means in this remake of Dirty Harry.",1973,"crime , thriller",IN,5.1,3.8
tm107372,Manoranjan,MOVIE,"Havaldar Ratan is a rookie at the local police station, and is assigned duty on foot patrol on Manoranjan Street, a notorious red-light area, on the very first day of his job. He strikes up a conversation with a good-looking young woman named Nisha, and tells her that there is a possible violation of Suppression of Immoral Trafficking Act taking place on this street. He witnesses several women soliciting men, and decides to call in the paddy wagon, and get them arrested. Alas, one of the men frequenting the prostitutes is none other than Ratan's superior officer, who immediately summons Ratan, and has him removed from service on corruption charges. Nisha takes pity on a homeless and unemployed Ratan, and asks him to live with her. He does not want her to sell her body, and so he decides to work at night, and during the day he takes on the guise of a rich Nawab and spends time with her.",1974,"romance , drama , comedy",IN,6.5,5.3
tm358653,Ujala,MOVIE,"An honest man dreams of a better life for his family, but a childhood friend leads him into a world of crime that keeps happiness just out of reach.",1959,"romance , crime , drama",IN,6.6,6
tm259684,Whispers,MOVIE,"At every station, between sites filled with poetry and nostalgia for a bygone era, the poet's dashed dreams and idealized vision of her country coincide with the director's own.",1980,documentation,"CA , FR , LB",7.8,5
tm403346,Chadi Jawani Budhe Nu,MOVIE,"A small-time businessman (B.S. Sood) reaches the ""naughty forties"". Now his wife is not good enough anymore, so he decides he needs a modern up to date mistress, resulting in hilarious situations.",1976,romance,IN,4.6,6
tm16812,Bandie,MOVIE,"Maharaj Brajbhan lives a wealthy lifestyle in Bharatpur, India along with his wife, Badi Rani, but have been unable to conceive for Bharatpur, and have no choice but to leave it's reigns with Brajban's widowed cousin, Vikram, and his son, Kanchan. When Vikram finds out that Badi Rani is pregnant, he plots to first sully her character by having her abducted, then shunned by the Maharaj, and then decides to have her killed. But her killer has a change of heart and lets her live. She gives birth to a son, names him Bhola, and starts living a simple lifestyle in a Mandir with the help of it's Poojary. Years later Vikram finds out she is alive and kills her, as well the Poojary and the Poojary's son. Bhola witnesses this, manages to escape, starts to live with a poor widow, grows up uneducated, and makes a living through crime.",1978,"drama , action , romance",IN,4.4,6
ts20681,Seinfeld,SHOW,A stand-up comedian and his three offbeat friends weather the pitfalls and payoffs of life in New York City in the '90s. It's a show about nothing.,1989,comedy,US,8.9,8.301
tm155787,GoodFellas,MOVIE,"The true story of Henry Hill, a half-Irish, half-Sicilian Brooklyn kid who is adopted by neighbourhood gangsters at an early age and climbs the ranks of a Mafia family under the guidance of Jimmy Conway.",1990,"drama , crime",US,8.7,8.463
tm22327,Full Metal Jacket,MOVIE,A pragmatic U.S. Marine observes the dehumanizing effects the U.S.-Vietnam War has on his fellow recruits from their brutal boot camp training to the bloody street fighting in Hue.,1987,"war , drama","US , GB",8.3,8.1
tm180542,Once Upon a Time in America,MOVIE,"A former Prohibition-era Jewish gangster returns to the Lower East Side of Manhattan over thirty years later, where he once again must confront the ghosts and regrets of his old life.",1984,"crime , drama , european","US , IT",8.3,8.453
tm138875,When Harry Met Sally...,MOVIE,"During their travel from Chicago to New York, Harry and Sally debate whether or not sex ruins a friendship between a man and a woman. Eleven years later, and they're still no closer to finding the answer.",1989,"comedy , romance , drama",US,7.7,7.4
tm2386,A Nightmare on Elm Street,MOVIE,"Teenagers in a small town are dropping like flies, apparently in the grip of mass hysteria causing their suicides. A cop's daughter, Nancy Thompson, traces the cause to child molester Fred Krueger, who was burned alive by angry parents many years before. Krueger has now come back in the dreams of his killers' children, claiming their lives as his revenge. Nancy and her boyfriend, Glen, must devise a plan to lure the monster out of the realm of nightmares and into the real world...",1984,horror,"GB , US",7.4,7.3
tm133087,Steel Magnolias,MOVIE,"A young beautician, newly arrived in a small Louisiana town, finds work at the local salon, where a small group of women share a close bond of friendship and welcome her into the fold.",1989,"comedy , drama , romance",US,7.3,7.2
tm177480,Police Academy,MOVIE,"New rules enforced by the Lady Mayoress mean that sex, weight, height and intelligence need no longer be a factor for joining the Police Force. This opens the floodgates for all and sundry to enter the Police Academy, much to the chagrin of the instructors. Not everyone is there through choice, though. Social misfit Mahoney has been forced to sign up as the only alternative to a jail sentence and it doesn't take long before he falls foul of the boorish Lieutenant Harris. But before long, Mahoney realises that he is enjoying being a police cadet and decides he wants to stay... while Harris decides he wants Mahoney out!",1984,"crime , comedy",US,6.7,6.6
tm54450,Christine,MOVIE,"Geeky student Arnie Cunningham falls for Christine, a rusty 1958 Plymouth Fury, and becomes obsessed with restoring the classic automobile to her former glory. As the car changes, so does Arnie, whose newfound confidence turns to arrogance behind the wheel of his exotic beauty. Arnie's girlfriend Leigh and best friend Dennis reach out to him, only to be met by a Fury like no other.",1983,"horror , thriller , european",US,6.7,6.8
ts22082,Knight Rider,SHOW,"Michael Long, an undercover police officer, is shot while investigating a case and left for dead by his assailants. He is rescued by Wilton Knight, a wealthy, dying millionaire and inventor who arranges life-saving surgery, including a new face and a new identity--that of Michael Knight. Michael is then given a special computerized and indestructible car called the Knight Industries Two Thousand (nicknamed KITT), and a mission: apprehend criminals who are beyond the reach of the law. The series depicts Michael's exploits as he and KITT battle the forces of evil on behalf of the Foundation for Law and Government.",1982,"scifi , action , crime , drama",US,6.9,7.5
ts21715,Thomas & Friends,SHOW,"Thomas & Friends is a British children's television series, which had its first broadcast on the ITV network on 4 September 1984. It is based on The Railway Series of books by the Reverend Wilbert Awdry and his son, Christopher Awdry. These books deal with the adventures of a group of anthropomorphised locomotives and road vehicles who live on the fictional Island of Sodor. The books were based on stories Wilbert told to entertain his son, Christopher during his recovery from measles. From Series one to four, many of the stories are based on events from Awdry's personal experience.",1984,"animation , family , comedy , fantasy , drama , action , music",GB,6.5,6.5
ts20678,Saved by the Bell,SHOW,"Lovable schemer Zack Morris leads his pals on adventures at California's Bayside High School. The friends navigate relationships, final exams, school dances, breakups and more while frequently frustrating their principal, Mr. Richard Belding, who does his best to keep them in check.",1989,"family , comedy , romance",US,7.1,8
tm145608,Awakenings,MOVIE,"Dr. Malcolm Sayer, a shy research physician, uses an experimental drug to ""awaken"" the catatonic victims of a rare disease. Leonard is the first patient to receive the controversial treatment. His awakening, filled with awe and enthusiasm, proves a rebirth for Sayer too, as the exuberant patient reveals life's simple but unutterably sweet pleasures to the introverted doctor.",1990,"drama , european",US,7.8,7.8
ts25028,Wheel of Fortune,SHOW,"This game show sees contestants solve word puzzles, similar to those used in Hangman, to win cash and prizes determined by spinning a giant carnival wheel.",1983,family,US,6.7,6.8
tm147710,National Lampoon's Christmas Vacation,MOVIE,"It's Christmastime, and the Griswolds are preparing for a family seasonal celebration. But things never run smoothly for Clark, his wife Ellen, and their two kids. Clark's continual bad luck is worsened by his obnoxious family guests, but he manages to keep going, knowing that his Christmas bonus is due soon.",1989,"comedy , european",US,7.5,7.2
tm142895,Lean On Me,MOVIE,"When principal Joe Clark takes over decaying Eastside High School, he's faced with students wearing gang colors and graffiti-covered walls. Determined to do anything he must to turn the school around, he expels suspected drug dealers, padlocks doors and demands effort and results from students, staff and parents. Autocratic to a fault, this real-life educator put it all on the line.",1989,drama,US,7.4,7.3
tm20712,Eddie Murphy Raw,MOVIE,"Eddie Murphy delights, shocks and entertains with dead-on celebrity impersonations, observations on '80s love, sex and marriage, a remembrance of Mom's hamburgers and much more.",1987,"comedy , documentation",US,7.6,7.3
tm117580,She's Gotta Have It,MOVIE,"The story of Nola Darling's simultaneous sexual relationships with three different men is told by her and by her partners and other friends. All three men wanted her to commit solely to them; Nola resists being ""owned"" by a single partner.",1986,"romance , comedy",US,6.7,6.707
ts23753,Major Dad,SHOW,"Major Dad is an American sitcom created by Richard C. Okie and John G. Stephens, developed by Earl Pomerantz, that originally ran from 1989 to 1993 on CBS, starring Gerald McRaney as Major John D. MacGillis and Shanna Reed as his wife Polly. The cast also includes Beverly Archer, Matt Mulhern, Jon Cypher, Marisa Ryan, Nicole Dubuc and Chelsea Hertford.",1989,"comedy , family",US,6.5,6.5
tm130586,Endless Love,MOVIE,"Two young kids fall in love with each other. But the passion is too consuming for the parents of Jade. The parents try to stop them from seeing each other. But when this doesn't work, David burns down the house and is sent away. This doesn't stop him from seeing her. When he gets out he goes to look for her. But the passion for his first love is too strong and she has to leave.",1981,"romance , drama",US,4.9,5.7
ts987,Danger Mouse,SHOW,"Danger Mouse, the world's greatest secret agent, and his side-kick Penfold work to foil the evil schemes of Baron Greenback.",1981,"animation , comedy , family , scifi , european",GB,7.4,7.5
tm721687,Vaashi,MOVIE,"Ebin Mathew, a budding lawyer ambitiously joins hands with his advocate friend Madhavi Mohan, to share a new office space in order for them to start their independent careers. Their relationship gets strained when they land on opposite ends of a case.",1983,"drama , thriller",IN,6.7,
tm40103,Mobile Suit Gundam: Char's Counterattack,MOVIE,In UC 0093 the Federation has recovered from its defeat and has created a new anti-colonial special forces unit to deal with rebel forces: Londo Bell. Elsewhere in space Char Aznable re-appears out of self imposed hiding with a declaration that he now commands his own Neo-Zeon movementand intends to force the emigration of Earth's inhabitants to space by bringing about an apocalypse.,1988,"scifi , animation , action , drama , war",JP,7.3,6.7
tm125985,Mobile Suit Gundam II: Soldiers of Sorrow,MOVIE,"After managing to survive attacks by Zeon's Char Aznable and Garma Zabi, the crew of Federation warship White Base and its mobile suits must battle Zeon forces through Asia, Europe, and the Atlantic Ocean if they are to reach Earth Federation's headquarters alive. During that process many of its crewmembers must overcome their fears, losses, immaturities, and insecurities in order to survive.",1981,"animation , scifi , action , drama , war",JP,7.2,7.2
ts2760,Fireman Sam,SHOW,"Follow the adventures of fireman Sam and his colleagues as they protect the citizens of the Welsh town of Pontypandy. Whenever the alarm sounds, brave Sam and his co-workers can be counted on to jump into a fire engine, hop onto a helicopter, or even launch an inflatable lifeboat to battle blazes, mount rescue missions, or provide medical attention to those in need.",1987,"animation , comedy , family , crime , european",GB,6.1,7.2
tm21953,Sam Kinison: Breaking the Rules,MOVIE,"This is a great performance. Through yelling and energetic story-telling, he talks about marriage, drugs, being arrested (thanks to his ex-wife), pleasing women, religion, and much, much more.",1987,"comedy , documentation",US,7.2,7.2
tm126769,Waiting for the Hearse,MOVIE,"Mama Cora, who is almost eighty years old, has three sons and a daughter. She lives with one of them, who has serious financial problems. The family meets one day to celebrate an anniversary meal, and that is when the problem arises: which of them will take care of her?",1985,comedy,AR,8,8.1
tm152839,Tim Allen: Men Are Pigs,MOVIE,"Comedian Tim Allen shares his enthusiasm for power tools, automobiles, grunting, and the myriad obsessions of the American male in this special for the Showtime premium cable network, which was aired a few years before he rose to stardom with the television sitcom Home Improvement.",1990,"comedy , documentation",US,6.1,6.3
tm49037,Mobile Suit Gundam III: Encounters in Space,MOVIE,"Amuro Ray and the rest of the White Base crew, now denominated the 13th Autonomous Corps, return to outer space to support the rest of the Earth Federation forces for the decisive battle against the Duchy of Zeon's forces.",1982,"action , drama , war , animation , scifi",JP,7.6,7.5
tm62924,Monty Python Live at the Hollywood Bowl,MOVIE,"Monty Python perform many of their greatest sketches at the Hollywood Bowl, including several from pre-Python days.",1982,"comedy , documentation",GB,7.9,7.4
tm52815,Disco Dancer,MOVIE,"Anil, a street singer, is humiliated and driven out of Bombay along with his mother. However, he soon becomes a famous performer but the enemies from his past try to destroy his hard-earned career.",1982,"drama , romance",IN,6.4,5.3
tm159912,Agneepath,MOVIE,"The movie depicts the life of a young boy, Vijay (Amitabh Bachchan), whose father gets brutally lynched by a mobster Kancha Cheena. It's a journey of his quest for revenge, which leads him to become a gangster as an adult. Watch out for Amitabh Bachchan in one of the most powerful roles of his career. Will Vijay lose his family in the process of satisfying his vengeance?",1990,"drama , action , crime",IN,7.6,6.5
tm133914,Parrot Sketch Not Included: Twenty Years of Monty Python,MOVIE,"Steve Martin presents selected sketches from ""Monty Python's Flying Circus (1969)"". It's the well known sketches, though the parrot sketch is not included. Steve Martin has some funny comments on the Pythons.",1989,comedy,GB,8.1,6.9
tm38736,Too Young The Hero,MOVIE,"TV movie based upon the true story of Calvin Graham, who, as a 12 year old boy, enlisted in the US Navy during WWII.",1988,"drama , war",US,6.7,6.2
tm51083,A Stoning in Fulham County,MOVIE,Religious beliefs clash with the law when an Amish infant is killed in a rural community.,1988,"thriller , crime , drama",US,5.9,5.8
tm137013,The Ryan White Story,MOVIE,"The story of Ryan White, a 13-year-old haemophiliac who contracted AIDS from factor VIII, which was used to control this disorder.",1989,drama,US,7.2,5.9
tm157603,Dil,MOVIE,"Raja lives a poor lifestyle along with his dad, Hazariprasad and mom. He attends college where he has several run-ins with wealthy fellow-collegian, Madhu Mehra. Matters escalate to such an extent that she accuses him of sexually molesting her. When his dad comes to know, he decides to seize this chance to get rich quickly, masquerades as a wealthy businessman, approaches Mr. Mehra, and arranges for their children to get married. Murphy's law prevails at the time of the engagement - changing everyone's lives forever.",1990,"drama , comedy , romance",IN,6.6,6.5
tm258072,Adam: His Song Continues,MOVIE,"Follows the true story of John and Reve Walsh who, after their child was murdered, fought to raise national awareness of the problem of missing children.",1986,"crime , drama",US,7,7
tm114356,The George McKenna Story,MOVIE,"Washington plays a school principal in a tough inner city Los Angeles high school out to rid it of drugs, gangs, low moral of teachers, and restore educational values.",1988,drama,US,6,6.1
tm157853,In Defense of a Married Man,MOVIE,"When a defense lawyer's adulterous husband becomes the prime suspect in the murder of the woman he was cheating with, his wife chooses to defend him. Can she overcome his betrayal while searching for the truth?",1990,"drama , crime",US,5.6,4.9
tm132164,Bill Hicks: Sane Man,MOVIE,"Sane Man was filmed before Bill recorded ‘Dangerous’, his first comedy album, and is a turning point in Hicks’ career. It was the first complete Hicks show ever filmed and Bill pulled out all the stops for the cameras. Completely focused, a newly-sober Hicks paces the stage like a wild animal riffing effortless.",1989,comedy,US,,7.5
tm446654,Mujrim,MOVIE,"The film follows the story of Shankar, who is regarded as a criminal by the society after being in jail for ten years since childhood.",1989,"drama , action , crime",IN,5.4,6
tm348735,Aakhri Adaalat,MOVIE,Inspector Amar Kaushal attempts to incarcerate wrong-doers in his society only lead to frustration when they are let off by the incompetence of the law and his superiors and seniors. Eventually Amar stands accused of killing several criminals and innocents which prompts him to take law into his own hands.,1988,"action , crime , thriller",IN,5.1,5
tm151332,"Alexandria, Again and Forever",MOVIE,"Set in 1987 against the backdrop of a hunger strike by the Egyptian film industry, Chahine himself steps in to play Yehia, the famed Egyptian director whose life is chronicled in ""Alexandria, Why?"" and ""An Egyptian Story"". Obsessed with Amr, the handsome actor he discovered and cast as his alter-ego in parts one and two of The Alexandria Trilogy, Yehia pressures Amr to star in various film projects that change even as Yehia's perception of the young actor begins to change. He first casts Amr as Hamlet, which the actor deems too demanding for his talents, then as the lead in a musical biopic of demigod Alexander the Great, who founded the city of Alexandria in 332 B.C.",1989,drama,"FR , EG",6.5,5.3
tm342996,Duniya,MOVIE,"Mohan Kumar's diligence and honesty lands him in trouble with Balwant Singh Kalra, Jugal Kishore Ahuja, and Mr. Bhandari. Together the trio frame and imprison Mohan and make him watch helplessly as his wife is killed. Years later, Mohan Kumar is released from prison, his only goal in life is to avenge his humiliation and wrongful arrest at the hands of the trio. With the help of Dinesh Verma, he establishes himself again, and starts the process of bringing death and destruction to the trio. The trio are well aware of his presence, and decide to send one of their men, Ravi, to spy on him. Ravi falls in love with Verma's daughter, Roma, and decides to change sides to help Verma and Mohan, but Mohan will not have anything to do with Ravi, and asks him to leave. Ravi then becomes a target by the trio and their men, and has to save himself, and the only way he can redeem himself is by turning the tables over Mohan, who is none other than his own father.Duniya",1984,"action , drama",IN,6.3,
tm24110,Strange Voices,MOVIE,A family begins to fall apart when their eldest daughter is diagnosed with schizophrenia.,1987,drama,US,6.3,6.8
tm371359,Jaal,MOVIE,"Shankar's father leaves the family for Meenabai. He later learns that his father is dead. He sets out to find out Meenabai, who he thinks is behind his father's death.",1986,"action , drama , thriller",IN,5.2,5
tm55091,Quiet Victory: The Charlie Wedemeyer Story,MOVIE,"Film that tells the story of Los Gatos (California) high school football coach Charlie Wedemeyer. At 31, onetime football pro Wedemeyer is living the American dream; a winning team, a happy marriage and public adulation.",1988,drama,US,7.2,8
ts63001,High Risk,SHOW,"High Risk is a program aired by the CBS television network as part of its 1988 fall lineup.

The genesis of High Risk was a 1988 strike by members of both the Writers Guild of America, East and Writers Guild of America, west against the Alliance of Motion Picture and Television Producers. Unable to produce regular, scripted series, programs such as High Risk were put together to serve as replacements under fear of a two-year lockout.

The CBS 100% in-house production featured ""high-risk"" stunts and jobs such as Border Patrol agent, automobile repo men, cave explorers, and thrilling roller-coaster testers.

Intended as a two-year commitment, strike or no strike, High Risk received unanimous condemnations and was cancelled after being presented for one night. The show was hosted by Wayne Rogers.",1988,comedy,US,3.8,
tm311264,Muqaddar Ka Faisla,MOVIE,"Muqaddar ka Faisla, is the story of Pandit Krishna Kant. A poor, but extremely honest, upright, God-fearing man, who refuses to compromise on his principles.",1987,"action , comedy , drama , family",IN,4.8,
tm411457,Pyar Ke Do Pal,MOVIE,"In order to assist her close friend, Rajni Thakur, Geeta Choudhary, has an abortion in her name, so that Rajni can get married. When her secret gets leaked out, Geeta's husband, Ashok, blames her, accuses her of being unfaithful, and drives her out of his house. They have twins, Sunil and Anil, and each parent is allowed custody of one child. The children meet each other at Scout camp, and decide to re-unite their parents, without realizing that they are exposing not only them, but also each other, to danger and death.",1986,"drama , action",IN,6.1,
tm172482,Sohni Mahiwal,MOVIE,"Shahjada Ijjat Beg comes to India with his caravan and settles in a town in Gujrat. Here he falls in love with Sohani, who keeps a shop in metal pots. Ijjat Beg buys pot from her with whatever money he had and they were attracted to each other. Sohni dispensed with her servant and kept Ijjat Beg instead. This gave them more opportunity to meet. This was a scandal in the town and Sohni was perforce married to Rehaman who was slightly off his head. Sohni continued her meeting Ijjat Beg who went out fishing. When the atmosphere became to hot for them they jointly took a water grave for their love.",1984,"romance , drama , action",IN,6.1,5.8
tm419052,Ek Jaan Hain Hum,MOVIE,"Coming from a decent upper middle-class family, Vikram Saxena meets with gorgeous Seema Singh, and both fall in love. But their respective families have other plans for them. While Vikram is able to convince his advocate dad, Shyam Sunder, to change his mind, Seema is unable to do so, and her marriage is being planned with a U.S. resident. Things take a turn for the worst when the police arrest Vikram with arson, with evidence that he had burned down a property belonging to Seema's dad, Colonel Ram Mohan Singh. Due to this, Vikram's dad comes forward to defend him, and Seema will not have anything to do with him anymore. Shyam Sunder realizes that the only way he can save his son from being imprisoned is to have him certified as insane, but will have to live with the consequences for the rest of his life, as well as the the stigma this will place on his family for years to come.",1983,"family , romance",IN,6.3,7
tm47673,An Egyptian Story,MOVIE,"Acclaimed actor Nour El Cherif here plays Egyptian filmmaker Yehia Mourad some thirty years after we last see him in ""Alexandria, Why?""  Though successful in his work, Yehia has grown distant from his wife and children and suﬀers a symbolic blockage of the heart while shooting the final scenes of his latest film. After being flown to England for evaluation, it's determined that Yehia must undergo emergency surgery.  Fact and fiction blend seamlessly—with healthy doses of cleverly  absurdist fantasy—as the film explores the various personalities and forces that have made Yehia (and Youssef Chahine) the man he has become.",1982,"drama , fantasy",EG,7.3,6.7
tm52274,The Little Wars,MOVIE,"Beirut resident Soraya is drawn to two men: daredevil photographer Nabil and Talal, who must embrace his feudal heritage when his father is kidnapped.",1982,"war , drama , european","FR , LB",6.3,5.5
tm147829,Unspeakable Acts,MOVIE,Two psychologist try to demonstrate that a man is a pedophile and has abused many children.,1990,drama,US,6.1,5.3
ts20981,Survivor,SHOW,"A reality show contest where sixteen or more castaways split between two or more “Tribes” are taken to a remote isolated location and are forced to live off the land with meager supplies for roughly 39 days. Frequent physical challenges are used to pit the tribes against each other for rewards, such as food or luxuries, or for “Immunity”, forcing the other tribe to attend “Tribal Council”, where they must vote off one of their players.",2000,reality,US,7.4,7.4
tm107744,Mission: Impossible,MOVIE,"When Ethan Hunt, the leader of a crack espionage team whose perilous operation has gone awry with no explanation, discovers that a mole has penetrated the CIA, he's surprised to learn that he's the No. 1 suspect. To clear his name, Hunt now must ferret out the real double agent and, in the process, even the score.",1996,"thriller , action",US,7.1,6.9
ts22176,Stargate SG-1,SHOW,"The story of Stargate SG-1 begins about a year after the events of the feature film, when the United States government learns that an ancient alien device called the Stargate can access a network of such devices on a multitude of planets. SG-1 is an elite Air Force special operations team, one of more than two dozen teams from Earth who explore the galaxy and defend against alien threats such as the Goa'uld, Replicators, and the Ori.",1997,"scifi , drama , action","CA , US",8.4,8.3
tm15897,Se7en,MOVIE,"Two homicide detectives are on a desperate hunt for a serial killer whose crimes are based on the ""seven deadly sins"" in this dark and haunting film that takes viewers from the tortured remains of one victim to the next. The seasoned Det. Sommerset researches each sin in an effort to get inside the killer's mind, while his novice partner, Mills, scoffs at his efforts to unravel the case.",1995,"crime , thriller , drama",US,8.6,8.352
ts21223,Pokémon,SHOW,"Join Ash accompanied by his partner Pikachu, as he travels through many regions, meets new friends and faces new challenges on his quest to become a Pokémon Master.",1997,"action , scifi , animation , comedy , fantasy , family",JP,7.4,7.633
tm191013,Boogie Nights,MOVIE,"Set in 1977, back when sex was safe, pleasure was a business and business was booming, idealistic porn producer Jack Horner aspires to elevate his craft to an art form. Horner discovers Eddie Adams, a hot young talent working as a busboy in a nightclub, and welcomes him into the extended family of movie-makers, misfits and hangers-on that are always around. Adams' rise from nobody to a celebrity adult entertainer is meteoric, and soon the whole world seems to know his porn alter ego, ""Dirk Diggler"". Now, when disco and drugs are in vogue, fashion is in flux and the party never seems to stop, Adams' dreams of turning sex into stardom are about to collide with cold, hard reality.",1997,drama,US,7.9,7.6
tm122434,Forrest Gump,MOVIE,"A man with a low IQ has accomplished great things in his life and been present during significant historic events—in each case, far exceeding what anyone imagined he could do. But despite all he has achieved, his one true love eludes him.",1994,"drama , romance",US,8.8,8.478
tm25947,Snatch,MOVIE,"Unscrupulous boxing promoters, violent bookmakers, a Russian gangster, incompetent amateur robbers and supposedly Jewish jewelers fight to track down a priceless stolen diamond.",2000,"crime , comedy","US , GB",8.3,7.8
tm43808,The Talented Mr. Ripley,MOVIE,"Tom Ripley is a calculating young man who believes it's better to be a fake somebody than a real nobody. Opportunity knocks in the form of a wealthy U.S. shipbuilder who hires Tom to travel to Italy to bring back his playboy son, Dickie. Ripley worms his way into the idyllic lives of Dickie and his girlfriend, plunging into a daring scheme of duplicity, lies and murder.",1999,"thriller , drama , crime",US,7.4,7.2
ts20339,One Piece,SHOW,"Years ago, the fearsome Pirate King, Gol D. Roger was executed leaving a huge pile of treasure and the famous ""One Piece"" behind. Whoever claims the ""One Piece"" will be named the new King of the Pirates. Monkey D. Luffy, a boy who consumed a ""Devil Fruit,"" decides to follow in the footsteps of his idol, the pirate Shanks, and find the One Piece. It helps, of course, that his body has the properties of rubber and that he's surrounded by a bevy of skilled fighters and thieves to help him along the way. Luffy will do anything to get the One Piece and become King of the Pirates!",1999,"animation , action , comedy , drama , fantasy",JP,8.8,8.764
ts5145,The Challenge,SHOW,"Each Challenge pits numerous cast members from past seasons of reality shows against each other, dividing them into two separate teams according to different criteria, such as gender, which show they first appeared on, whether or not they're veterans or rookies on the show, etc. The two teams compete in numerous missions in order to win prizes and advance in the overall game.",1998,"reality , comedy , drama , scifi",US,7.8,7.7
tm191110,Titanic,MOVIE,"101-year-old Rose DeWitt Bukater tells the story of her life aboard the Titanic, 84 years later. A young Rose boards the ship with her mother and fiancé. Meanwhile, Jack Dawson and Fabrizio De Rossi win third-class tickets aboard the ship. Rose tells the whole story from Titanic's departure through to its death—on its first and last voyage—on April 15, 1912.",1997,"drama , romance",US,7.9,7.878
ts34435,Cowboy Bebop,SHOW,"In 2071, roughly fifty years after an accident with a hyperspace gateway made the Earth almost uninhabitable, humanity has colonized most of the rocky planets and moons of the Solar System. Amid a rising crime rate, the Inter Solar System Police (ISSP) set up a legalized contract system, in which registered bounty hunters (also referred to as ""Cowboys"") chase criminals and bring them in alive in return for a reward.",1998,"animation , action , scifi , western , comedy , drama , thriller",JP,8.9,8.522
tm192037,Starship Troopers,MOVIE,"Set in the future, the story follows a young soldier named Johnny Rico and his exploits in the Mobile Infantry. Rico's military career progresses from recruit to non-commissioned officer and finally to officer against the backdrop of an interstellar war between mankind and an arachnoid species known as ""the Bugs"".",1997,"scifi , action , thriller",US,7.3,6.993
tm27395,Mission: Impossible II,MOVIE,"With computer genius Luther Stickell at his side and a beautiful thief on his mind, agent Ethan Hunt races across Australia and Spain to stop a former IMF agent from unleashing a genetically engineered biological weapon called Chimera. This mission, should Hunt choose to accept it, plunges him into the center of an international crisis of terrifying magnitude.",2000,"thriller , action",US,6.1,6.1
tm113513,Dumb and Dumber,MOVIE,"Lloyd and Harry are two men whose stupidity is really indescribable. When Mary, a beautiful woman, loses an important suitcase with money before she leaves for Aspen, the two friends (who have found the suitcase) decide to return it to her. After some ""adventures"" they finally get to Aspen where, using the lost money they live it up and fight for Mary's heart.",1994,comedy,US,7.3,6.6
ts20983,Neon Genesis Evangelion,SHOW,"At the turn of the century, the Angels returned to Earth, seeking to wipe out humanity in an apocalyptic fury. Devastated, mankind's last remnants moved underground to wait for the day when the Angels would come back to finish the job. Fifteen years later, that day has come... but this time, humanity is ready to fight back with terrifying bio-mechanical weapons known as the Evangelions. Watch as Shinji, Rei, Asuka and the rest of the mysterious shadow agency Nerv battle to save earth from total annihilation.",1995,"drama , scifi , animation , action , fantasy , thriller",JP,8.5,8.637
tm192405,Gattaca,MOVIE,"In a future society in the era of indefinite eugenics, humans are set on a life course depending on their DNA. Young Vincent Freeman is born with a condition that would prevent him from space travel, yet is determined to infiltrate the GATTACA space program.",1997,"scifi , thriller , romance , drama",US,7.8,7.553
tm116655,,MOVIE,"Léon, the top hit man in New York, has earned a rep as an effective ""cleaner"". But when his next-door neighbors are wiped out by a loose-cannon DEA agent, he becomes the unwilling custodian of 12-year-old Mathilda. Before long, Mathilda's thoughts turn to revenge, and she considers following in Léon's footsteps.",1994,"crime , drama , action , thriller , european","US , FR",8.5,8.323
ts21567,Gilmore Girls,SHOW,"Set in the charming town of Stars Hollow, Connecticut, the series follows the captivating lives of Lorelai and Rory Gilmore, a mother/daughter pair who have a relationship most people only dream of.",2000,"comedy , drama",US,8.2,7.827
tm116488,Natural Born Killers,MOVIE,Two victims of traumatized childhoods become lovers and serial murderers irresponsibly glorified by the mass media.,1994,"thriller , drama , crime , action",US,7.3,7.1
tm11556,The Quick and the Dead,MOVIE,"A mysterious woman comes to compete in a quick-draw elimination tournament, in a town taken over by a notorious gunman.",1995,"action , thriller , western , romance","JP , US",6.5,6.5
tm56574,You've Got Mail,MOVIE,"Book superstore magnate, Joe Fox and independent book shop owner, Kathleen Kelly fall in love in the anonymity of the Internet—both blissfully unaware that he's trying to put her out of business.",1998,"comedy , romance , drama",US,6.7,6.643
ts20960,Power Rangers,SHOW,"A team of teenagers with attitude are recruited to save Angel Grove from the evil witch, Rita Repulsa, and later, Lord Zedd, Emperor of all he sees, and their horde of monsters.",1993,"action , scifi , fantasy , family",US,6.5,6.8
tm53991,Big Daddy,MOVIE,"A lazy law school grad adopts a kid to impress his girlfriend, but everything doesn't go as planned and he becomes the unlikely foster father.",1999,"drama , comedy , european",US,6.4,6.45
tm49178,Vampires,MOVIE,The church enlists a team of vampire-hunters to hunt down and destroy a group of vampires searching for an ancient relic that will allow them to exist in sunlight.,1998,"fantasy , action , horror , thriller",US,6.1,6.3
ts25252,Yu-Gi-Oh!,SHOW,"A timid young boy who loves all sorts of games, one day solves an ancient puzzle known as the Millennium Puzzle, causing his body to play host to a mysterious spirit with the personality of a gambler.",1998,"scifi , action , family , fantasy , animation , comedy , drama",JP,7.3,7.358
tm191989,Donnie Brasco,MOVIE,An FBI undercover agent infilitrates the mob and finds himself identifying more with the mafia life at the expense of his regular one.,1997,"drama , thriller , crime",US,7.7,7.5
ts22193,The Magic School Bus,SHOW,An eccentric schoolteacher takes her class on wondrous educational field trips with the help of a magical school bus.,1994,"animation , scifi , comedy , family , fantasy","CA , US",7.8,7.8
ts22489,Goosebumps,SHOW,"Anything can turn spooky in this horror anthology series based on the best-selling books by master of kid horror, R.L. Stine. In every episode, see what happens when regular kids find themselves in scary situations, and how they work to confront and overcome their fears.",1995,"scifi , thriller , family , fantasy , horror , music","US , CA",7.6,7.9
ts21034,InuYasha,SHOW,"Kagome Higurashi is a modern day young girl who lives with her family by the old Higure shrine. Unbeknownst to Kagome, she is the reincarnation of priestess Kikyo and posseses the ""Jewel of Four Souls"" (the Shikon jewel). One ill-fated day, Kagome locates an ancient well near her home and is abruptly transported through the well and into a feudal Japan, inhabited by demons. There, she encounters Inuyasha, son of a powerful demon father and a human mother, who is pinned to a tree by an enchanted arrow.",2000,"scifi , action , fantasy , romance , animation , comedy , drama",JP,7.9,8.6
tm121879,A River Runs Through It,MOVIE,"A River Runs Through is a cinematographically stunning true story of Norman Maclean. The story follows Norman and his brother Paul through the experiences of life and growing up, and how their love of fly fishing keeps them together despite varying life circumstances in the untamed west of Montana in the 1920's.",1992,drama,US,7.2,7.1
tm44402,"Girl, Interrupted",MOVIE,"Set in the changing world of the late 1960s, Susanna Kaysen's prescribed ""short rest"" from a psychiatrist she had met only once becomes a strange, unknown journey into Alice's Wonderland, where she struggles with the thin line between normal and crazy. Susanna soon realizes how hard it is to get out once she has been committed, and she ultimately has to choose between the world of people who belong inside or the difficult world of reality outside.",1999,"drama , european","DE , US",7.3,7.6
tm187187,Last Action Hero,MOVIE,"Following the death of his father, young Danny Madigan takes comfort in watching action movies featuring the indestructible Los Angeles cop Jack Slater. After being given a magic ticket by theater manager Nick, Danny is sucked into the screen and bonds with Slater. When evil fictional villain Benedict gets his hands on the ticket and enters the real world, Danny and Jack must follow and stop him.",1993,"action , fantasy , comedy , family",US,6.4,6.379
ts16919,All That,SHOW,"The new kids of comedy bring the funny as All That, America’s #1 kid’s sketch comedy show, returns with a new cast and a few familiar faces. From Executive Producers Kenan Thompson and Kel Mitchell.",1994,"comedy , family , music",US,7.5,8.4
tm6859,My Girl,MOVIE,"Vada Sultenfuss is obsessed with death. Her mother is dead, and her father runs a funeral parlor. She is also in love with her English teacher, and joins a poetry class over the summer just to impress him. Thomas J., her best friend, is ""allergic to everything"", and sticks with Vada despite her hangups. When Vada's father hires Shelly, and begins to fall for her, things take a turn to the worse...",1991,"drama , family , romance , comedy , european",US,6.9,7.4
tm118238,Wyatt Earp,MOVIE,"Covering the life and times of one of the West's most iconic heroes Wyatt Earp weaves an intricate tale of Earp and his friends and family. With a star studded cast, sweeping cinematography and authentic costumes Wyatt Earp led the way during the Western revival in the 90's.",1994,"western , crime , action , drama",US,6.7,6.751
tm111163,Eraser,MOVIE,"U.S. Marshall John Kruger erases the identities of people enrolled in the Witness Protection Program. His current assignment is to protect Lee Cullen, who's uncovered evidence that the weapons manufacturer she works for has been selling to terrorist groups. When Kruger discovers that there's a corrupt agent within the program, he must guard his own life while trying to protect Lee's.",1996,"thriller , action , drama , crime","US , CA",6.1,6
tm190835,Neon Genesis Evangelion: The End of Evangelion,MOVIE,"The second of two theatrically released follow-ups to the Neon Genesis Evangelion series. Comprising of two alternate episodes which were first intended to take the place of episodes 25 and 26, this finale answers many of the questions surrounding the series, while also opening up some new possibilities.",1997,"action , drama , animation , scifi , fantasy",JP,8,8.4
tm192769,Vegas Vacation,MOVIE,"The Griswold family hits the road again for a typically ill-fated vacation, this time to the glitzy mecca of slots and showgirls—Las Vegas.",1997,comedy,US,5.9,6.1
tm187791,In the Line of Fire,MOVIE,"Veteran Secret Service agent Frank Horrigan is a man haunted by his failure to save President Kennedy while serving protection detail in Dallas. Thirty years later, a man calling himself ""Booth"" threatens the life of the current President, forcing Horrigan to come back to protection detail to confront the ghosts from his past.",1993,"drama , thriller , crime , action",US,7.2,6.973
tm113576,Little Women,MOVIE,"With their father away as a chaplain in the Civil War, Jo, Meg, Beth and Amy grow up with their mother in somewhat reduced circumstances. They are a close family who inevitably have their squabbles and tragedies. But the bond holds even when, later, male friends start to become a part of the household.",1994,"drama , romance , family",US,7.3,7.314
tm65686,U.S. Marshals,MOVIE,"U.S. Marshal Sam Gerard is accompanying a plane load of convicts from Chicago to New York. The plane crashes spectacularly, and Mark Sheridan escapes. But when Diplomatic Security Agent John Royce is assigned to help Gerard recapture Sheridan, it becomes clear that Sheridan is more than just another murderer.",1998,"thriller , crime , action",US,6.5,6.5
ts8570,Barney & Friends,SHOW,"Barney & Friends is an American children's television series aimed at children from ages 2 to 5. The series, which first aired on April 6, 1992, features the title character Barney, a purple anthropomorphic Tyrannosaurus rex who conveys educational messages through songs and small dance routines with a friendly, optimistic attitude.

New episodes have not been produced since 2009; however reruns continue to air on various PBS stations.",1992,"comedy , family",US,3.8,4.9
tm191387,Anaconda,MOVIE,"A ""National Geographic"" film crew is taken hostage by an insane hunter, who takes them along on his quest to capture the world's largest - and deadliest - snake.",1997,"horror , thriller , action","PE , US , BR",4.8,5.1
ts27693,Kenan & Kel,SHOW,"Set in Chicago, the show follows the kid-friendly misadventures of two high-school friends who are always scheming and dreaming. Kenan, who works at a grocery store, constantly devises crazy plans to strike it rich, while orange-soda-loving buddy Kel is always dragged along for the ride despite his track record for messing things up.",1996,"family , comedy",US,7.8,8.3
tm19494,The Replacements,MOVIE,"Maverick old-guard coach Jimmy McGinty is hired in the wake of a players' strike to help the Washington Sentinels advance to the playoffs. But that impossible dream hinges on whether his replacements can hunker down and do the job. So, McGinty dusts off his secret dossier of ex-players who never got a chance (or screwed up the one they were given) and knits together a bad-dream team of guys who just may give the Sentinels their title shot.",2000,"comedy , sport",US,6.6,6.6
tm191772,Seven Years in Tibet,MOVIE,"Austrian mountaineer, Heinrich Harrer journeys to the Himalayas without his family to head an expedition in 1939. But when World War II breaks out, the arrogant Harrer falls into Allied forces' hands as a prisoner of war. He escapes with a fellow detainee and makes his way to Llaso, Tibet, where he meets the 14-year-old Dalai Lama, whose friendship ultimately transforms his outlook on life.",1997,"action , drama , history , war",US,7.1,7.2
tm12499,The Net,MOVIE,"Angela Bennett is a freelance software engineer who lives in a world of computer technology. When a cyber friend asks Bennett to debug a new game, she inadvertently becomes involved in a conspiracy that will soon turn her life upside down and make her the target of an assassination.",1995,"thriller , action , crime , drama",US,5.9,6
tm186589,Cliffhanger,MOVIE,"A year after losing his friend in a tragic 4,000-foot fall, former ranger Gabe Walker and his partner, Hal, are called to return to the same peak to rescue a group of stranded climbers, only to learn the climbers are actually thieving hijackers who are looking for boxes full of money.",1993,"action , thriller , comedy , animation","IT , US , FR",6.5,6.5
tm189764,Menace II Society,MOVIE,A young street hustler attempts to escape the rigors and temptations of the ghetto in a quest for a better life.,1993,"drama , crime , thriller",US,7.5,7.542
tm10739,Johnny Mnemonic,MOVIE,"In a dystopian 2021, Johnny is a data trafficker who has an implant that allows him to securely store data too sensitive for regular computer networks. On one delivery run, he accepts a package that not only exceeds the implant's safety limits—and will kill him if the data is not removed in time—but also contains information far more important and valuable than he had ever imagined. On a race against time, he must avoid the assassins sent to kill him and remove the data before it, too, ends his life.",1995,"action , drama , scifi , thriller","CA , US",5.6,5.7
tm1822,3 Ninjas Kick Back,MOVIE,"During a championship baseball match, the three brothers hear that their grandfather in Japan is in trouble, and head out to help him, conceding the match. When they arrive in Japan, they must use all their powers to defend him against his ancient enemy, who has returned to exact revenge.",1994,"comedy , family , action , sport","JP , US",4.5,5.5
tm55369,Edge of Seventeen,MOVIE,"From Toni Basil to the Eurythmics, from friendship bracelets to whip-it's, the summer of 1984 was about as 80s as the 80s ever got. Stuck right in the middle of it is Eric Hunter, heading towards his senior year, and passing the summer working at a local amusement park in the fast food restaurant. He is joined by his long time girl/friend Maggie, as they don their ugly brown polyester uniforms and face the world.",1998,"romance , drama , comedy",US,6.8,6.5
ts251477,My First Errand,SHOW,“Hajimete no Otsukai” (First Errand) is a Japanese TV show that follows small children as they carry out errands for their parents.,1991,"documentation , family , reality",JP,,7.8
tm192431,The Devil's Own,MOVIE,"Frankie McGuire, one of the IRA's deadliest assassins, draws an American family into the crossfire of terrorism. But when he is sent to the U.S. to buy weapons, Frankie is housed with the family of Tom O'Meara, a New York cop who knows nothing about Frankie's real identity. Their surprising friendship, and Tom's growing suspicions, forces Frankie to choose between the promise of peace or a lifetime of murder.",1997,"crime , thriller , drama , action , european",US,6.2,6.1
ts22286,Cardcaptor Sakura,SHOW,"Sakura Kinomoto, an elementary school student who discovers that she possesses magical powers after accidentally freeing a set of magical cards from the book they had been sealed in for years. She is then tasked with retrieving those cards in order to avoid an unknown catastrophe from befalling the world.",1998,"scifi , animation , action , comedy , drama , family , fantasy , romance",JP,8,8.7
tm192199,Spawn,MOVIE,"After being murdered by corrupt colleagues in a covert government agency, Al Simmons makes a pact with the devil to be resurrected to see his beloved wife Wanda. In exchange for his return to Earth, Simmons agrees to lead Hell's Army in the destruction of mankind.",1997,"scifi , action , drama , horror",US,5.2,5.343
ts11397,Adventures of Sonic the Hedgehog,SHOW,"Follow the adventures of Sonic the Hedgehog, and his sidekick Tails, as they attempt to stop Dr. Robotnik and his array of robots from taking over the planet Mobius.",1993,"scifi , animation , action , comedy , family , fantasy , western",US,6.2,6.3
tm56033,Croupier,MOVIE,"Jack Manfred is an aspiring writer who to make ends meet, takes a job as a croupier. Jack remains an observer, knowing that everything in life is a gamble and that gamblers are born to lose. Inevitably, he gets sucked into the world of the casino which takes its toll on his relationships and the novel he is writing.",1998,"drama , european , crime","IE , GB , DE , FR",7,6.8
ts21581,Girlfriends,SHOW,"The series revolves around the friendship of four African-American women in different phases of their lives. They explore the many trials and tribulations that most women face today such as relationships, family, friends and other current issues that will interest most women. Whether it’s getting over a divorce, finding a career, or looking for true love, Girlfriends delivers along with comedy and wit.",2000,"drama , comedy",US,7.2,7.7
tm117488,The Next Karate Kid,MOVIE,"Mr. Miyagi decides to take Julie, a troubled teenager, under his wing after he learns that she blames herself for her parents' demise and struggles to adjust with her grandmother and fellow pupils.",1994,"action , drama , family , sport , romance",US,4.5,5.318
tm190811,Geronimo: An American Legend,MOVIE,"The Apache Indians have reluctantly agreed to settle on a US Government approved reservation. Not all the Apaches are able to adapt to the life of corn farmers. One in particular, Geronimo, is restless. Pushed over the edge by broken promises and necessary actions by the government, Geronimo and thirty or so other warriors form an attack team which humiliates the government by evading capture, while reclaiming what is rightfully theirs.",1993,"western , history , drama",US,6.5,6.3
tm191431,Double Team,MOVIE,He's a one-man arsenal... with enough voltage to rock the free world. They Don't Play by the Rules. You're either on their side...or in their way. America's top counter-terrorist usually works alone...this time he's got company.,1997,"action , scifi , comedy , thriller","HK , US",4.8,5.1
tm10811,Heavy,MOVIE,"Victor is a cook who works in a greasy bar/restaurant owned by his mother, Dolly. It's just the two of them, a waitress named Delores, and a heavy drinking regular, Leo. But things change when Callie, a beautiful college drop-out, shows up as a new waitress and steals Victor's heart. But Victor is too shy to do anything about it, and too self-consciously overweight to dream of winning Callie away.",1995,"drama , romance",US,6.8,6.8
tm49839,The Players Club,MOVIE,"Single mother Diana struggles to provide for her child and pay for her college education. When she meets two dancers from a nearby gentlemen's club, Diana's convinced there's fast money to be made stripping.",1998,"comedy , drama",US,5.9,6.3
ts20918,The Parkers,SHOW,"The Parkers is an American sitcom that aired on UPN from August 30, 1999, to May 10, 2004. A spin-off of UPN's Moesha, The Parkers features the mother-daughter team of Nikki and Kim Parker. The Parkers' signature ""Heeyyy"" greeting became very popular in the early 2000s.",1999,comedy,US,6.8,8.1
ts21693,"Sister, Sister",SHOW,"Twins Tia Landry and Tamera Campbell were separated and adopted at birth. Fourteen years later, they encounter each other by chance at the mall. After the families meet, Tia's widowed father agrees to let Tamera and her single mother move in with them.",1994,"comedy , drama , family",US,6.2,7.5
ts20939,Moesha,SHOW,"Moesha was an American sitcom series that aired on the UPN network from January 23, 1996 to May 14, 2001. The series stars R&B singer Brandy Norwood as Moesha Mitchell, a high school student living with her family in the Leimert Park neighborhood of South Central Los Angeles. It was originally ordered as a pilot for the CBS network's 1995-1996 television season, who rejected. It was then picked up by UPN, who aired it as a mid-season replacement. It went on to become the biggest success for the nascent network and one of the greatest hits over the course of the network's entire run.",1996,"drama , comedy , family",US,5.8,7
ts21684,Heartbreak High,SHOW,The ins and outs of the classroom lives of a group of students who attend the fictional Hartley High School in Sydney.,1994,"drama , romance , comedy",AU,7.8,7.3
ts22080,Oggy and the Cockroaches,SHOW,"Oggy, an anthropomorphic cat, would prefer to spend his days watching television and eating, but is continuously pestered by three roaches: Joey, Marky and Dee Dee. The cockroaches' slapstick mischief ranges from plundering Oggy's refrigerator to hijacking the train he just boarded. In many situations Oggy is also helped by Jack, who is more violent and short-tempered than him and is also annoyed by the cockroaches. Bob, a short-tempered bulldog, also appears in the show, and is Oggy's neighbor.",1999,"animation , comedy , family , action , european",FR,7.4,7.5
tm67635,Kuch Kuch Hota Hai,MOVIE,"Anjali is left heartbroken when her best friend and secret crush, Rahul, falls in love with Tina. Years later, Tina's young daughter tries to fulfil her mother's last wish of uniting Rahul and Anjali.",1998,"romance , comedy , drama",IN,7.6,7.7
tm320211,Children of God,MOVIE,"A former member examines the lingering effects of being raised in the Family, a cult whose disturbing practices include the sexual abuse of children.",1994,documentation,GB,6.3,6.4
tm7073,Knight Rider 2000,MOVIE,"In the future, guns are banned and criminals are frozen for the duration of their sentences. A recent spate of killings involving handguns brings Michael Knight back to fight for justice, but he insists of the help of KITT, his artificially-intelligent car from decades ago. The only problem is that KITT has been deactivated.",1991,"action , scifi",US,4.5,5.1
ts28516,,SHOW,"During the year 2000, Ricardo, Pollo, Walter and Chiqui occupied a house in the Buenos Aires neighborhood of Congreso. The four young people forge a strong friendship that leads them to go through different stories of crime, drugs and social marginalization.",2000,"drama , crime",AR,9,8.8
tm117873,Hum Aapke Hain Koun..!,MOVIE,"Prem and Nisha meet and fall in love at the wedding of their elder siblings, but their plans to be together are put in jeopardy when Nisha's sister dies, leaving behind a baby.",1994,"drama , romance , comedy",IN,7.5,6.5
tm55100,Dil Se..,MOVIE,"Journalist Amar falls for a mysterious woman on an assignment, but she does not reciprocate his feelings. However, when Amar is about to get married, the woman shows up at his doorstep asking for help.",1998,"drama , romance",IN,7.5,6.8
tm64817,Jerry Seinfeld: I'm Telling You for the Last Time,MOVIE,"Taped for HBO in August 1998, on the final date of Jerry Seinfeld's tour appearances at New York City's Broadhurst Theater, I'm Telling You for the Last Time presents the standup comedian's so-called ""final"" standup, or at least his final tour with the standup material that made him famous.",1998,"comedy , documentation",US,7.9,7.6
ts22039,H,SHOW,"H is a French sitcom with seventy-one, 22-minute episodes. The series was created by Kader Aoun, Xavier Matthieu and Éric Judor, and produced by Phillippe Berthe, Édouard Molinaro, Jean-Luc Moreau and Charles Némès. It ran from 24 October 1998 to 20 April 2002 on Canal+. In Canada, it is shown weekly on TV5.

The title ""H"" comes from the three words that characterize the series: Humour, Histoire et Hôpital.",1998,comedy,FR,7.4,7.6
tm188606,Sankofa,MOVIE,"On a photo shoot in Ghana, an American model slips back in time, becomes enslaved on a plantation and bears witness to the agony of her ancestral past.",1993,"drama , european","DE , GH , GB , US , BF",7,6.5
tm41525,Herod's Law,MOVIE,"Mexico, 1949. The fable of a janitor turned Mayor on a little town lost in the Mexican desert, who gradually realizes how far his new acquainted power and corruption can get him.",1999,"comedy , crime , thriller",MX,7.8,7.9
tm189171,Wild Tango,MOVIE,"A biopic based on the life of one of the pioneer argentine rock stars 'Tanguito'. The movie tells the story of his rise and fall from grace, encompassed in violent times of a military regime.",1993,"drama , music , romance","ES , AR",6.7,6.1
tm63514,The Last Days,MOVIE,"Five Jewish Hungarians, now U.S. citizens, tell their stories: before March, 1944, when Nazis began to exterminate Hungarian Jews, months in concentration camps, and visiting childhood homes more than 50 years later. An historian, a Sonderkommando, a doctor who experimented on Auschwitz prisoners, and US soldiers who were part of the liberation in April, 1945.",1998,"drama , history , war , documentation",US,7.9,7.8
tm21911,Sam Kinison: Live in Vegas,MOVIE,"Comedy / Music/Musical - In the town that knows no limits, Kinison gives a completely raw and uncensored performance at the very height of his career. Filled with scorching comedy, hot women and sizzling rock 'n roll, this rarely seen live show encapsulates the energy, verve and relentless brand of comedy that was unique to Kinison.",1991,"comedy , music , documentation",US,6.6,6
tm188970,Bill Hicks: Revelations,MOVIE,"Bill Hicks in the height of his genius. Recorded at the Dominion Theatre in London, Hicks opens our eyes and minds to the hypocrisy and ludicrousness of the world around us.",1993,"comedy , documentation",GB,8.5,8.1
tm12876,Bombay,MOVIE,"A Hindu man and a Muslim woman fall in love in a small village and move to Mumbai, where they have two children. However, growing religious tensions and erupting riots threaten to tear the family apart.",1995,"drama , romance",IN,8.1,7.2
ts224786,Escalona,SHOW,"The improbable real life of Rafael Escalona, who had no music education and became Colombia's king of vallenato music, chronicling everyday life.",1991,drama,CO,,7.6
tm62176,Mann,MOVIE,"A young woman falls in love with a handsome playboy, while aboard a Singapore to India cruise. They make plans to meet again, but fate may have other plans...",1999,"drama , romance",IN,6.1,6.7
tm52871,Soldier,MOVIE,The story follows a young man (Bobby Deol) who flees India and arrives in Australia seeking vengence for something that started in India. In Australia he meets and falls in love with the daughter of a rich and powerful man(Suresh Oberoi). The story keeps the covers on Bobby Deols plan until the end when everything is revealed as to why he is a SOLDIER.,1998,"thriller , action , drama , romance",IN,6.2,5.7
tm8687,Sam Kinison: Family Entertainment Hour,MOVIE,"Get ready to scream with laughter! Sam Kinison's primal scream will echo down through the comedy hall of fame summing up so much of modernity's horror and stupidity. This concert was taped at the Wiltern Theatre where Sam was joined with the Randy Hansen Band and a salacious slew of sinuous sirens, including his wife Malika. Join Sam Kinison and guests for a concert guaranteed to make you laugh 'til you cry for more - there's something for every member of the family - Sam Kinison style!",1991,comedy,US,,6.1
tm104933,Sinbad: Son of a Preacher Man,MOVIE,"Experience veteran comedian Sinbad as he returns to his college town of Denver and performs at the Paramount Theatre for this next installment of his famed HBO Comedy Specials. Sinbad: Son of a Preacher Man is a self-styled monologue that comments on the perils of skiing, para-sailing during a bad vacation, fashion trends in lingerie, and more!",1996,"comedy , documentation",US,6.8,5.8
tm184326,Damini,MOVIE,"The theme revolves around the character Damini who represents truth and innocence. After her marriage in renowned wealthy family, Damini happens to see a cruel act done by her brother-in-law. She wants the victim to get justice, but the family including her husband oppose her, which leads her to leave the house. Soon she is helped by a drunkard, an ex-advocate, who helps her in all respect to reach to her aim and therefore justice",1993,"drama , crime",IN,7.8,7.3
tm62385,Hum Saath Saath Hain,MOVIE,"Ramkishen and his wife Mamta have three sons. Prem and Vinod have sweethearts in Preeti and Vivek marries Sangeeta. Since Vivek is Mamta's step-son, she plots to alienate him, but will she succeed?",1999,"romance , family , fantasy , drama",IN,6.2,6
tm191614,Destiny,MOVIE,"In the 12th century's Andalusia lives Ibn Rushd a prominent islamic philosopher with his wife Zeinab and daughter Sara. The principality is ruled by Khalifa ElMansour who has two sons, ElNasser, an intellectual that likes Ibn Rush and is in love with his daughter Sara. The younger son Abdallah is more into dancing and poetry, spending most of his times with the gypsy family and getting the daughter pregnant. The Khalifa is depending on the extremists to build his army granting them more power which they use to combat artists and philosophers. The extremists succeed in recruiting Abd Allah and train him to kill his father. Events go on where Marawan, the gypsy singer, is killed and Ibn Rushd's books are burnt. Adapted from the real life of Ibn Rushd AlMasir is Chahine's statement against extremism.",1997,"drama , history , comedy , romance","FR , EG",7.1,6.7
tm110766,Chronicle of a Disappearance,MOVIE,"Chronicle of a Disappearance unfolds in a series of seemingly unconnected cinematic tableaux, each of them focused on incidents or characters which seldom reappear later in the film. Among the many unrelated scenes, there is a Palestinian actress struggling to find an apartment in West Jerusalem, the owner of the Holy Land souvenir shop preparing merchandise for incoming Japanese tourists, a group of old women gossiping about their relatives, and an Israeli police van which screeches to a halt so several heavily armed soldiers can get off the car and urinate.",1996,drama,"PS , US , FR , DE",6.9,6.7
tm9898,Muthu,MOVIE,"A lavish Maharaja lived with his sister-in-law and stepbrother Rajasekhar, helping people incessantly. His sister-in-law has a son, to whom the Maharaja bequeaths a major portion of his property. At this juncture, a new baby is born to the Maharaja.His wife dies soon after. Brother Rajasekhar cheats the Maharaja as he fears that his son's property might be taken back and given to the Maharaja's own son. When the cheating comes to light, the Maharaja hands over all his property and his baby to his sister-in-law...",1995,"comedy , drama , action , romance",IN,7.6,6.9
tm47530,Jeans,MOVIE,"Vishu and Ramu are a pair of Indian twins living in America with their father, Rajamani. When Madhumita (Aishwarya Rai) and her brother come to America to get medical treatment for their ailing grandmother, Vishu and Ramu end up meeting them at the airport. Vishu falls in love with Madhumita, and the couple has everyone's blessing, except for Rajamani, who is estranged from his own twin brother. He only wants his sons to marry twin sisters, so Madhumita pretends to have a twin in order to please him. As Madhumita puts on a charade by creating Vaishnavi, all goes well, until Ramu falls in love with Vaishnavi. Now the truth must come out, before Madhumita has to marry both of Rajamani's twin sons.",1998,"comedy , drama , romance",IN,6.4,6.5
tm57169,Monty Python: Live at Aspen,MOVIE,"In March 1998 in Aspen, Colorado, the surviving members of the Monty Paython team - John Cleese, Terry Gilliam, Eric Idle, Terry Jones and Michael Palin - shared a stage together for the first time in 18 years. Even more remarkably, Graham Chapman was there too....in an urn! The occasion for this renuion was the US Comedy Arts Festival Tribute to Monty Python, hosted by Robert Klien in front of a live audience.",1998,"comedy , documentation","GB , US",7.8,6.9
tm192301,Minsara Kanavu,MOVIE,"Priya decides that she wants to be a nun, much to the horror of her father and Thomas, the boy who is in love with her. Thomas decides to enlist the help of Deva to change her mind.",1997,"comedy , romance , drama",IN,6.7,6.6
tm58893,Duplicate,MOVIE,"Seeking vengeance on those who double-crossed him, an escaped prisoner impersonates an unsuspecting chef.",1998,"comedy , action , crime , thriller",IN,5.5,6
tm110160,Avvai Shanmugi,MOVIE,"A divorced husband desperately misses his daughter. In order to be with her, he takes up a job in his father-in-law's house. The only catch is that the job is that of a female governess.",1996,"drama , comedy",IN,7.9,7.5
tm118438,Anjaam,MOVIE,"After mistaking a flight attendant's attention for love, a wealthy, spoiled man becomes obsessed with her and soon tears her life apart.",1994,"romance , crime , thriller , drama",IN,6.6,7.1
tm424630,A Triumph of the Heart: The Ricky Bell Story,MOVIE,"Ricky Bell, an all-pro running back with the Tampa Bay Buccaneers, who died of a rare muscle disease in the prime of his career. The plot centers on Bell's relationship with a father-less handicapped boy, and his efforts to be a big brother to him. The boy ends up being an inspiration for Bell when his disease makes the athlete more afflicted than the boy.",1991,"drama , sport",US,7.2,5.1
tm27601,Phir Bhi Dil Hai Hindustani,MOVIE,Two rival reporters team up to help prove the innocence of a man set to be hanged for the murder of a politician.,2000,"comedy , romance , drama",IN,6.1,6.6
tm203186,Children of Shatila,MOVIE,"Many people first became aware of the Shatila refugee camp in Lebanon after the shocking and horrific Sabra-Shatila massacre that took place there in 1982. Located in Beirut's ""belt of misery,"" the camp is home to 15,000 Palestinians and Lebanese who share a common experience of displacement, unemployment and poverty.  Fifty years after the exile of their grandparents from Palestine, the children of Shatila attempt to come to terms with the reality of being refugees in a camp that has survived massacre, siege and starvation.  Director Mai Masri focuses on two Palestinian children in the camp: Farah, age 11 and Issa, age 12. When these children are given video cameras, the story of the camp evolves from their personal narratives as they articulate the feelings and hopes of their generation.",1999,"documentation , history",LB,8.1,6.7
tm128073,Bill Hicks: Relentless,MOVIE,"Bill Hicks tells us how he feels about non-smokers, blow-jobs, religion, war and peace, and drugs and music.",1992,comedy,GB,,7.8
tm7951,Tim Allen: Rewires America,MOVIE,This is arguably Tim Allen's best stand-up show ever and this show truly solidified Tim Allen's unique slant on masculinity becoming the backbone for his TV show “Home Improvement.”,1991,"comedy , documentation",US,6,7
tm7135,Bill Hicks: One Night Stand,MOVIE,"Bill Hicks shows us his view on smoking, smoking pot, drinking, sex, advertisement and music. It's not a view you hear very often.",1991,comedy,US,,7.5
tm52083,West Beirut,MOVIE,"In April, 1975, civil war breaks out; Beirut is partitioned along a Moslem-Christian line. Tarek is in high school, making Super 8 movies with his friend, Omar. At first the war is a lark: school has closed, the violence is fascinating, getting from West to East is a game. His mother wants to leave; his father refuses. Tarek spends time with May, a Christian, orphaned and living in his building. By accident, Tarek goes to an infamous brothel in the war-torn Olive Quarter, meeting its legendary madam, Oum Walid. He then takes Omar and May there using her underwear as a white flag for safe passage. Family tensions rise. As he comes of age, the war moves inexorably from adventure to tragedy.",1998,"romance , drama , comedy , war , european","FR , NO , LB , BE",7.6,7.3
tm340430,Govindha Govindha,MOVIE,"A Tantric believes that by donating a virgin woman's head to gods crown, would bring down the universe to his feet. How the hero and heroine gets entangled in the underworld nexus, while rescuing the robbery, forms the crux of the plot.",1993,"drama , action , crime",IN,6.6,4
tm7032,Out of Life,MOVIE,"Patrick Perrault, a photo-journalist covering the war in Beirut in the late 1980s, is himself caught up in the hostilities when one day he is picked up and bundled into a car at gun-point. Blind-folded, he is taken to an unknown location where he discovers that he is being taken hostage by Lebanese guerrillas.",1991,"drama , war , crime , european","BE , FR , IT , LB",6.9,6.2
tm256669,Gumrah,MOVIE,"Roshni Chadha makes her living, singing in various places and this makes her the breadwinner of her home. She soon gets to meet the handsome and wealthy Rahul Malhotra, who finds out that she can actually sing professionally and he helps her to attain this goal, which soon became a success and Roshni falls in love with Rahul and finds out that he has the same feelings for her. On a foreign trip, Roshni is arrested by the police for having in her possession cocaine, Rahul disappears leaving Roshni in hot-soup and now she must prepare to undergo her prison terms as there is no one to help her.",1993,"drama , action , crime , thriller",IN,6.1,6.7
tm64729,Sinbad: Nothin' but the Funk,MOVIE,"Enjoy Comedic Superstar Sinbad as he gives us one of his most stellar stand up performances, shot on the beautiful island of Aruba at the Guillermo P. Trinidad Theatre. As always, Sinbad shows why he’s a veteran in comedy since the 80’s, with an entertaining show that the entire family can enjoy.",1998,"comedy , documentation",US,6.3,5.2
tm184224,Sinbad: Afros and Bellbottoms,MOVIE,"Sinbad brings the '70s back with a nostalgic stand-up special dedicated to the films, fashion and other flashbacks from that era.",1993,"comedy , documentation",US,7.8,5.5
tm25389,Fiza,MOVIE,In 1993 Fiza's brother disappears during the riots in Mumbai. In 1999 Fiza is tired of waiting and goes looking for him.,2000,"romance , action , crime , drama , thriller",IN,6,6.3
tm34391,Before the Flying Circus,MOVIE,"Discover how six seemingly ordinary but supremely talented men became Monty Python, sketch comedy's inspired group of lunatics who turned such unlikely sources of inspiration as Spam, dead parrots and the Inquisition into enduring punch lines. This entertaining documentary includes interviews with members of the troupe, as well as home movies, photos and rare recordings from Monty Python's early years.",2000,"comedy , documentation",GB,7.3,8.5
tm44776,The Other,MOVIE,"Adam is the son of a wealthy Egyptian-American family who is studying at UCLA and returns home for a brief vacation. Upon his arrival he meets beautiful reporter Hanane, with whom he begins an intense love affair, and eventually they marry. Trouble arises when Hanane' s journalistic interests lead her to the corrupt business affairs of Adam's parents, who are interested in building an American tourist compound that would allow Americans further control of Egypt's tourist industry, and make them a whole lot richer.",1999,"romance , european , drama","FR , EG",5.9,5.9
tm334788,Yodha,MOVIE,"Suraj Singh is addicted to drugs and as a result witnessed his girlfriend being raped in front of his eyes with him being helpless, from here on he vows to put an end to all drug dealers and started to work as a hit man for an underworld don, Daaga also known as Justice Dharmesh Agnihotri. He also meets and make enemy with a lawyer, Karan Srivastav, who is looking for the murderer of his father, journalist Chandrakant. As time proceeds, Suraj and Karan would frequently get into brawls in front of the society to the extent that each of them will now do anything to kill the other. Unknown to both that one person is responsible for there lives being upside down and he is under the veil of respectability - non other than Justice Dharmesh Agnihotri alias Dagga.",1991,"action , drama",IN,4.5,5
